ID,Категория,Название продукта,Калории (ккал),Белки (г),Жиры (г),Углеводы (г),Гликемический индекс (ГИ)
1,Овощи,Помидоры свежие,18,0.6,0.2,3.9,15
2,Овощи,Помидоры свежие на пару,20,0.5,0.2,3.5,18
3,Овощи,Помидоры свежие тушеные,21,0.6,0.3,3.3,18
4,Овощи,Помидоры свежие тушеные халяль,21,0.6,0.3,3.3,18
5,Овощи,Помидоры свежие на гриле,18,0.5,0.2,3.9,15
6,Овощи,Помидоры свежие на гриле фермерский(ое),18,0.5,0.2,3.9,15
7,Овощи,Помидоры свежие замороженные,14,0.6,0.3,4.0,15
8,Овощи,Помидоры свежие замороженные эко,14,0.6,0.3,4.0,15
9,Овощи,Помидоры свежие соленые,16,0.6,0.3,3.1,15
10,Овощи,Помидоры свежие соленые отборный(ое),16,0.6,0.3,3.1,15
11,Овощи,Огурцы свежие,15,0.8,0.1,2.8,15
12,Овощи,Огурцы свежие эко,15,0.8,0.1,2.8,15
13,Овощи,Огурцы свежие на пару,18,0.8,0.1,2.4,18
14,Овощи,Огурцы свежие на пару эко,18,0.8,0.1,2.4,18
15,Овощи,Огурцы свежие тушеные,19,0.8,0.1,2.3,18
16,Овощи,Огурцы свежие тушеные премиум,19,0.8,0.1,2.3,18
17,Овощи,Огурцы свежие на гриле,18,0.8,0.1,3.1,15
18,Овощи,Огурцы свежие на гриле ГОСТ,18,0.8,0.1,3.1,15
19,Овощи,Огурцы свежие замороженные,16,0.9,0.1,2.9,15
20,Овощи,Огурцы свежие замороженные премиум,16,0.9,0.1,2.9,15
21,Овощи,Огурцы свежие соленые,18,0.8,0.1,2.9,15
22,Овощи,Огурцы свежие соленые фермерский(ое),18,0.8,0.1,2.9,15
23,Овощи,Капуста белокочанная,28,1.8,0.1,4.7,15
24,Овощи,Капуста белокочанная отборный(ое),28,1.8,0.1,4.7,15
25,Овощи,Капуста белокочанная на пару,32,1.6,0.1,4.3,18
26,Овощи,Капуста белокочанная на пару халяль,32,1.6,0.1,4.3,18
27,Овощи,Капуста белокочанная тушеные,23,1.7,0.1,4.3,18
28,Овощи,Капуста белокочанная тушеные отборный(ое),23,1.7,0.1,4.3,18
29,Овощи,Капуста белокочанная на гриле,31,1.8,0.1,4.2,15
30,Овощи,Капуста белокочанная на гриле ГОСТ,31,1.8,0.1,4.2,15
31,Овощи,Капуста белокочанная замороженные,26,2.0,0.1,4.9,15
32,Овощи,Капуста белокочанная замороженные фермерский(ое),26,2.0,0.1,4.9,15
33,Овощи,Капуста белокочанная соленые,24,1.9,0.1,4.5,15
34,Овощи,Капуста белокочанная соленые отборный(ое),24,1.9,0.1,4.5,15
35,Овощи,Брокколи,34,2.8,0.4,6.7,15
36,Овощи,Брокколи эко,34,2.8,0.4,6.7,15
37,Овощи,Брокколи на пару,44,2.9,0.5,7.2,18
38,Овощи,Брокколи на пару отборный(ое),44,2.9,0.5,7.2,18
39,Овощи,Брокколи тушеные,41,3.0,0.4,5.4,18
40,Овощи,Брокколи тушеные диетический(ое),41,3.0,0.4,5.4,18
41,Овощи,Брокколи на гриле,32,2.7,0.4,7.9,15
42,Овощи,Брокколи на гриле фермерский(ое),32,2.7,0.4,7.9,15
43,Овощи,Брокколи замороженные,42,2.7,0.5,6.4,15
44,Овощи,Брокколи замороженные халяль,42,2.7,0.5,6.4,15
45,Овощи,Брокколи соленые,42,2.8,0.4,6.0,15
46,Овощи,Брокколи соленые фермерский(ое),42,2.8,0.4,6.0,15
47,Овощи,Цветная капуста,25,2.5,0.3,4.2,15
48,Овощи,Цветная капуста эко,25,2.5,0.3,4.2,15
49,Овощи,Цветная капуста на пару,27,2.4,0.4,4.9,18
50,Овощи,Цветная капуста на пару диетический(ое),27,2.4,0.4,4.9,18
51,Овощи,Цветная капуста тушеные,24,2.4,0.4,4.2,18
52,Овощи,Цветная капуста тушеные диетический(ое),24,2.4,0.4,4.2,18
53,Овощи,Цветная капуста на гриле,21,2.3,0.3,4.4,15
54,Овощи,Цветная капуста на гриле эко,21,2.3,0.3,4.4,15
55,Овощи,Цветная капуста замороженные,29,2.5,0.3,4.0,15
56,Овощи,Цветная капуста замороженные эко,29,2.5,0.3,4.0,15
57,Овощи,Цветная капуста соленые,32,2.5,0.4,4.8,15
58,Овощи,Цветная капуста соленые диетический(ое),32,2.5,0.4,4.8,15
59,Овощи,Картофель отварной,82,2.0,0.4,16.7,70
60,Овощи,Картофель отварной диетический(ое),82,2.0,0.4,16.7,70
61,Овощи,Картофель отварной на пару,66,2.1,0.5,16.9,84
62,Овощи,Картофель отварной на пару премиум,66,2.1,0.5,16.9,84
63,Овощи,Картофель отварной тушеные,76,2.1,0.4,16.3,84
64,Овощи,Картофель отварной тушеные диетический(ое),76,2.1,0.4,16.3,84
65,Овощи,Картофель отварной на гриле,84,2.2,0.6,15.1,70
66,Овощи,Картофель отварной замороженные,86,1.9,0.6,19.2,70
67,Овощи,Картофель отварной соленые,77,2.1,0.5,14.4,70
68,Овощи,Картофель жареный,192,2.8,9.5,23.4,85
69,Овощи,Картофель жареный на пару,226,2.8,12.8,23.7,100
70,Овощи,Картофель жареный на пару халяль,226,2.8,12.8,23.7,100
71,Овощи,Картофель жареный тушеные,153,2.7,7.7,27.4,100
72,Овощи,Картофель жареный на гриле,237,3.0,9.6,19.3,85
73,Овощи,Картофель жареный замороженные,237,3.1,8.2,23.3,85
74,Овощи,Картофель жареный замороженные диетический(ое),237,3.1,8.2,23.3,85
75,Овощи,Картофель жареный соленые,160,2.9,12.7,19.9,85
76,Овощи,Картофель жареный соленые отборный(ое),160,2.9,12.7,19.9,85
77,Овощи,Морковь свежая,35,1.3,0.1,6.9,35
78,Овощи,Морковь свежая ГОСТ,35,1.3,0.1,6.9,35
79,Овощи,Морковь свежая на пару,36,1.3,0.1,7.9,42
80,Овощи,Морковь свежая на пару диетический(ое),36,1.3,0.1,7.9,42
81,Овощи,Морковь свежая тушеные,35,1.2,0.1,7.5,42
82,Овощи,Морковь свежая тушеные домашний(ее),35,1.2,0.1,7.5,42
83,Овощи,Морковь свежая на гриле,31,1.3,0.1,7.3,35
84,Овощи,Морковь свежая на гриле диетический(ое),31,1.3,0.1,7.3,35
85,Овощи,Морковь свежая замороженные,35,1.3,0.1,6.1,35
86,Овощи,Морковь свежая соленые,33,1.3,0.1,6.1,35
87,Овощи,Морковь отварная,25,0.8,0.2,5.0,85
88,Овощи,Морковь отварная веган,25,0.8,0.2,5.0,85
89,Овощи,Морковь отварная на пару,20,0.8,0.2,5.8,100
90,Овощи,Морковь отварная на пару фермерский(ое),20,0.8,0.2,5.8,100
91,Овощи,Морковь отварная тушеные,30,0.7,0.2,5.3,100
92,Овощи,Морковь отварная тушеные отборный(ое),30,0.7,0.2,5.3,100
93,Овощи,Морковь отварная на гриле,22,0.7,0.3,5.1,85
94,Овощи,Морковь отварная на гриле отборный(ое),22,0.7,0.3,5.1,85
95,Овощи,Морковь отварная замороженные,25,0.8,0.3,4.4,85
96,Овощи,Морковь отварная замороженные веган,25,0.8,0.3,4.4,85
97,Овощи,Морковь отварная соленые,21,0.8,0.2,4.9,85
98,Овощи,Морковь отварная соленые ГОСТ,21,0.8,0.2,4.9,85
99,Овощи,Свекла отварная,49,1.9,0.1,10.8,65
100,Овощи,Свекла отварная домашний(ее),49,1.9,0.1,10.8,65
101,Овощи,Свекла отварная на пару,57,2.0,0.1,9.1,78
102,Овощи,Свекла отварная на пару отборный(ое),57,2.0,0.1,9.1,78
103,Овощи,Свекла отварная тушеные,49,1.8,0.1,9.7,78
104,Овощи,Свекла отварная тушеные веган,49,1.8,0.1,9.7,78
105,Овощи,Свекла отварная на гриле,43,1.9,0.1,9.8,65
106,Овощи,Свекла отварная на гриле халяль,43,1.9,0.1,9.8,65
107,Овощи,Свекла отварная замороженные,45,2.1,0.1,12.4,65
108,Овощи,Свекла отварная соленые,52,1.7,0.1,12.3,65
109,Овощи,Лук репчатый,41,1.4,0.2,8.2,15
110,Овощи,Лук репчатый эко,41,1.4,0.2,8.2,15
111,Овощи,Лук репчатый на пару,52,1.5,0.3,7.1,18
112,Овощи,Лук репчатый на пару веган,52,1.5,0.3,7.1,18
113,Овощи,Лук репчатый тушеные,42,1.3,0.2,6.8,18
114,Овощи,Лук репчатый тушеные домашний(ее),42,1.3,0.2,6.8,18
115,Овощи,Лук репчатый на гриле,40,1.5,0.2,9.1,15
116,Овощи,Лук репчатый на гриле веган,40,1.5,0.2,9.1,15
117,Овощи,Лук репчатый замороженные,42,1.4,0.3,9.8,15
118,Овощи,Лук репчатый замороженные веган,42,1.4,0.3,9.8,15
119,Овощи,Лук репчатый соленые,44,1.5,0.2,7.5,15
120,Овощи,Лук репчатый соленые ГОСТ,44,1.5,0.2,7.5,15
121,Овощи,Чеснок,143,6.5,0.5,29.9,30
122,Овощи,Чеснок премиум,143,6.5,0.5,29.9,30
123,Овощи,Чеснок на пару,183,6.6,0.6,32.9,36
124,Овощи,Чеснок на пару диетический(ое),183,6.6,0.6,32.9,36
125,Овощи,Чеснок тушеные,118,6.6,0.6,34.1,36
126,Овощи,Чеснок тушеные эко,118,6.6,0.6,34.1,36
127,Овощи,Чеснок на гриле,125,7.1,0.4,26.1,30
128,Овощи,Чеснок на гриле премиум,125,7.1,0.4,26.1,30
129,Овощи,Чеснок замороженные,156,6.7,0.5,25.4,30
130,Овощи,Чеснок замороженные премиум,156,6.7,0.5,25.4,30
131,Овощи,Чеснок соленые,178,6.2,0.6,31.3,30
132,Овощи,Чеснок соленые премиум,178,6.2,0.6,31.3,30
133,Овощи,Перец болгарский,27,1.3,0.1,5.3,15
134,Овощи,Перец болгарский домашний(ее),27,1.3,0.1,5.3,15
135,Овощи,Перец болгарский на пару,27,1.3,0.1,6.2,18
136,Овощи,Перец болгарский на пару эко,27,1.3,0.1,6.2,18
137,Овощи,Перец болгарский тушеные,24,1.4,0.1,5.1,18
138,Овощи,Перец болгарский тушеные премиум,24,1.4,0.1,5.1,18
139,Овощи,Перец болгарский на гриле,30,1.2,0.1,5.8,15
140,Овощи,Перец болгарский на гриле фермерский(ое),30,1.2,0.1,5.8,15
141,Овощи,Перец болгарский замороженные,22,1.3,0.1,6.4,15
142,Овощи,Перец болгарский замороженные фермерский(ое),22,1.3,0.1,6.4,15
143,Овощи,Перец болгарский соленые,22,1.2,0.1,6.2,15
144,Овощи,Перец болгарский соленые халяль,22,1.2,0.1,6.2,15
145,Овощи,Кабачки,24,0.6,0.3,4.6,15
146,Овощи,Кабачки премиум,24,0.6,0.3,4.6,15
147,Овощи,Кабачки на пару,29,0.6,0.3,4.0,18
148,Овощи,Кабачки на пару ГОСТ,29,0.6,0.3,4.0,18
149,Овощи,Кабачки тушеные,29,0.6,0.4,5.5,18
150,Овощи,Кабачки тушеные веган,29,0.6,0.4,5.5,18
151,Овощи,Кабачки на гриле,27,0.5,0.4,4.2,15
152,Овощи,Кабачки на гриле халяль,27,0.5,0.4,4.2,15
153,Овощи,Кабачки замороженные,27,0.7,0.3,3.9,15
154,Овощи,Кабачки замороженные отборный(ое),27,0.7,0.3,3.9,15
155,Овощи,Кабачки соленые,20,0.6,0.3,4.8,15
156,Овощи,Кабачки соленые веган,20,0.6,0.3,4.8,15
157,Овощи,Баклажаны,24,1.2,0.1,4.5,20
158,Овощи,Баклажаны ГОСТ,24,1.2,0.1,4.5,20
159,Овощи,Баклажаны на пару,27,1.1,0.1,4.1,24
160,Овощи,Баклажаны на пару эко,27,1.1,0.1,4.1,24
161,Овощи,Баклажаны тушеные,25,1.3,0.1,3.8,24
162,Овощи,Баклажаны тушеные халяль,25,1.3,0.1,3.8,24
163,Овощи,Баклажаны на гриле,24,1.1,0.1,5.0,20
164,Овощи,Баклажаны замороженные,26,1.1,0.1,4.6,20
165,Овощи,Баклажаны соленые,24,1.1,0.1,5.2,20
166,Овощи,Баклажаны соленые отборный(ое),24,1.1,0.1,5.2,20
167,Овощи,Тыква запеченная,22,1.0,0.1,4.4,75
168,Овощи,Тыква запеченная домашний(ее),22,1.0,0.1,4.4,75
169,Овощи,Тыква запеченная на пару,27,1.0,0.1,4.5,90
170,Овощи,Тыква запеченная на пару диетический(ое),27,1.0,0.1,4.5,90
171,Овощи,Тыква запеченная тушеные,19,0.9,0.1,5.1,90
172,Овощи,Тыква запеченная тушеные домашний(ее),19,0.9,0.1,5.1,90
173,Овощи,Тыква запеченная на гриле,26,1.1,0.1,3.9,75
174,Овощи,Тыква запеченная на гриле ГОСТ,26,1.1,0.1,3.9,75
175,Овощи,Тыква запеченная замороженные,20,0.9,0.1,5.1,75
176,Овощи,Тыква запеченная замороженные эко,20,0.9,0.1,5.1,75
177,Овощи,Тыква запеченная соленые,22,1.0,0.1,5.2,75
178,Овощи,Тыква запеченная соленые премиум,22,1.0,0.1,5.2,75
179,Овощи,Зеленый горошек свежий,73,5.0,0.2,13.8,40
180,Овощи,Зеленый горошек свежий диетический(ое),73,5.0,0.2,13.8,40
181,Овощи,Зеленый горошек свежий на пару,89,5.5,0.3,15.9,48
182,Овощи,Зеленый горошек свежий на пару премиум,89,5.5,0.3,15.9,48
183,Овощи,Зеленый горошек свежий тушеные,59,5.2,0.2,16.2,48
184,Овощи,Зеленый горошек свежий тушеные ГОСТ,59,5.2,0.2,16.2,48
185,Овощи,Зеленый горошек свежий на гриле,87,5.4,0.3,12.5,40
186,Овощи,Зеленый горошек свежий на гриле эко,87,5.4,0.3,12.5,40
187,Овощи,Зеленый горошек свежий замороженные,87,4.6,0.3,15.8,40
188,Овощи,Зеленый горошек свежий замороженные веган,87,4.6,0.3,15.8,40
189,Овощи,Зеленый горошек свежий соленые,66,5.3,0.2,12.7,40
190,Овощи,Зеленый горошек свежий соленые фермерский(ое),66,5.3,0.2,12.7,40
191,Овощи,Кукуруза консервированная,58,2.2,0.4,11.2,55
192,Овощи,Кукуруза консервированная веган,58,2.2,0.4,11.2,55
193,Овощи,Кукуруза консервированная на пару,69,2.1,0.3,9.8,66
194,Овощи,Кукуруза консервированная на пару веган,69,2.1,0.3,9.8,66
195,Овощи,Кукуруза консервированная тушеные,55,2.4,0.6,10.2,66
196,Овощи,Кукуруза консервированная тушеные отборный(ое),55,2.4,0.6,10.2,66
197,Овощи,Кукуруза консервированная на гриле,65,2.2,0.6,11.4,55
198,Овощи,Кукуруза консервированная на гриле веган,65,2.2,0.6,11.4,55
199,Овощи,Кукуруза консервированная замороженные,73,2.0,0.6,9.8,55
200,Овощи,Кукуруза консервированная соленые,74,2.1,0.4,10.9,55
201,Овощи,Шпинат свежий,23,2.9,0.4,3.6,15
202,Овощи,Шпинат свежий халяль,23,2.9,0.4,3.6,15
203,Овощи,Шпинат свежий на пару,26,2.8,0.5,3.6,18
204,Овощи,Шпинат свежий на пару домашний(ее),26,2.8,0.5,3.6,18
205,Овощи,Шпинат свежий тушеные,22,2.9,0.4,3.9,18
206,Овощи,Шпинат свежий тушеные фермерский(ое),22,2.9,0.4,3.9,18
207,Овощи,Шпинат свежий на гриле,18,3.1,0.5,3.9,15
208,Овощи,Шпинат свежий на гриле веган,18,3.1,0.5,3.9,15
209,Овощи,Шпинат свежий замороженные,26,3.0,0.4,3.0,15
210,Овощи,Шпинат свежий замороженные ГОСТ,26,3.0,0.4,3.0,15
211,Овощи,Шпинат свежий соленые,26,2.8,0.4,4.1,15
212,Овощи,Шпинат свежий соленые ГОСТ,26,2.8,0.4,4.1,15
213,Овощи,Салат Айсберг,14,0.9,0.1,1.8,15
214,Овощи,Салат Айсберг диетический(ое),14,0.9,0.1,1.8,15
215,Овощи,Салат Айсберг на пару,16,0.9,0.1,1.7,18
216,Овощи,Салат Айсберг на пару премиум,16,0.9,0.1,1.7,18
217,Овощи,Салат Айсберг тушеные,14,0.9,0.1,1.7,18
218,Овощи,Салат Айсберг на гриле,17,0.9,0.1,1.9,15
219,Овощи,Салат Айсберг замороженные,13,0.9,0.1,1.6,15
220,Овощи,Салат Айсберг соленые,14,0.9,0.1,1.8,15
221,Фрукты и ягоды,Яблоки красные,52,0.4,0.4,11.8,35
222,Фрукты и ягоды,Яблоки красные отборный(ое),52,0.4,0.4,11.8,35
223,Фрукты и ягоды,Яблоки красные сушеные,53,0.4,0.5,13.7,35
224,Фрукты и ягоды,Яблоки красные сушеные веган,53,0.4,0.5,13.7,35
225,Фрукты и ягоды,Яблоки красные вяленые,62,0.4,0.3,11.9,35
226,Фрукты и ягоды,Яблоки красные вяленые диетический(ое),62,0.4,0.3,11.9,35
227,Фрукты и ягоды,Яблоки красные пюре,58,0.4,0.5,13.0,35
228,Фрукты и ягоды,Яблоки красные пюре веган,58,0.4,0.5,13.0,35
229,Фрукты и ягоды,Яблоки красные замороженные,59,0.4,0.4,9.6,35
230,Фрукты и ягоды,Яблоки красные замороженные отборный(ое),59,0.4,0.4,9.6,35
231,Фрукты и ягоды,Яблоки зеленые,47,0.4,0.4,9.8,30
232,Фрукты и ягоды,Яблоки зеленые фермерский(ое),47,0.4,0.4,9.8,30
233,Фрукты и ягоды,Яблоки зеленые сушеные,43,0.4,0.6,8.1,30
234,Фрукты и ягоды,Яблоки зеленые вяленые,47,0.4,0.4,10.6,30
235,Фрукты и ягоды,Яблоки зеленые пюре,49,0.4,0.5,7.9,30
236,Фрукты и ягоды,Яблоки зеленые пюре халяль,49,0.4,0.5,7.9,30
237,Фрукты и ягоды,Яблоки зеленые замороженные,55,0.4,0.3,9.5,30
238,Фрукты и ягоды,Яблоки зеленые замороженные домашний(ее),55,0.4,0.3,9.5,30
239,Фрукты и ягоды,Бананы,89,1.5,0.2,21.8,60
240,Фрукты и ягоды,Бананы эко,89,1.5,0.2,21.8,60
241,Фрукты и ягоды,Бананы сушеные,79,1.6,0.2,17.9,60
242,Фрукты и ягоды,Бананы сушеные отборный(ое),79,1.6,0.2,17.9,60
243,Фрукты и ягоды,Бананы вяленые,82,1.6,0.2,24.4,60
244,Фрукты и ягоды,Бананы вяленые премиум,82,1.6,0.2,24.4,60
245,Фрукты и ягоды,Бананы пюре,100,1.6,0.2,25.7,60
246,Фрукты и ягоды,Бананы пюре домашний(ее),100,1.6,0.2,25.7,60
247,Фрукты и ягоды,Бананы замороженные,110,1.5,0.3,21.8,60
248,Фрукты и ягоды,Бананы замороженные премиум,110,1.5,0.3,21.8,60
249,Фрукты и ягоды,Апельсины,43,0.9,0.2,8.1,35
250,Фрукты и ягоды,Апельсины сушеные,52,0.9,0.3,8.9,35
251,Фрукты и ягоды,Апельсины вяленые,44,0.9,0.2,8.5,35
252,Фрукты и ягоды,Апельсины вяленые домашний(ее),44,0.9,0.2,8.5,35
253,Фрукты и ягоды,Апельсины пюре,50,0.9,0.2,7.4,35
254,Фрукты и ягоды,Апельсины замороженные,36,0.9,0.2,7.5,35
255,Фрукты и ягоды,Грейпфрут,35,0.7,0.2,6.5,25
256,Фрукты и ягоды,Грейпфрут диетический(ое),35,0.7,0.2,6.5,25
257,Фрукты и ягоды,Грейпфрут сушеные,37,0.6,0.2,7.0,25
258,Фрукты и ягоды,Грейпфрут сушеные фермерский(ое),37,0.6,0.2,7.0,25
259,Фрукты и ягоды,Грейпфрут вяленые,40,0.6,0.2,6.6,25
260,Фрукты и ягоды,Грейпфрут вяленые ГОСТ,40,0.6,0.2,6.6,25
261,Фрукты и ягоды,Грейпфрут пюре,35,0.7,0.2,7.6,25
262,Фрукты и ягоды,Грейпфрут пюре премиум,35,0.7,0.2,7.6,25
263,Фрукты и ягоды,Грейпфрут замороженные,38,0.7,0.3,7.2,25
264,Фрукты и ягоды,Грейпфрут замороженные фермерский(ое),38,0.7,0.3,7.2,25
265,Фрукты и ягоды,Мандарины,38,0.8,0.2,7.5,30
266,Фрукты и ягоды,Мандарины отборный(ое),38,0.8,0.2,7.5,30
267,Фрукты и ягоды,Мандарины сушеные,37,0.7,0.2,8.3,30
268,Фрукты и ягоды,Мандарины сушеные халяль,37,0.7,0.2,8.3,30
269,Фрукты и ягоды,Мандарины вяленые,46,0.9,0.2,8.2,30
270,Фрукты и ягоды,Мандарины вяленые домашний(ее),46,0.9,0.2,8.2,30
271,Фрукты и ягоды,Мандарины пюре,40,0.8,0.2,6.7,30
272,Фрукты и ягоды,Мандарины пюре фермерский(ое),40,0.8,0.2,6.7,30
273,Фрукты и ягоды,Мандарины замороженные,38,0.7,0.2,8.0,30
274,Фрукты и ягоды,Мандарины замороженные веган,38,0.7,0.2,8.0,30
275,Фрукты и ягоды,Лимон,34,0.9,0.1,3.0,20
276,Фрукты и ягоды,Лимон фермерский(ое),34,0.9,0.1,3.0,20
277,Фрукты и ягоды,Лимон сушеные,34,0.8,0.1,2.6,20
278,Фрукты и ягоды,Лимон сушеные отборный(ое),34,0.8,0.1,2.6,20
279,Фрукты и ягоды,Лимон вяленые,37,0.8,0.1,3.1,20
280,Фрукты и ягоды,Лимон вяленые диетический(ое),37,0.8,0.1,3.1,20
281,Фрукты и ягоды,Лимон пюре,27,0.9,0.1,3.0,20
282,Фрукты и ягоды,Лимон пюре диетический(ое),27,0.9,0.1,3.0,20
283,Фрукты и ягоды,Лимон замороженные,28,0.9,0.1,2.8,20
284,Фрукты и ягоды,Лимон замороженные халяль,28,0.9,0.1,2.8,20
285,Фрукты и ягоды,Груши,47,0.4,0.3,10.3,38
286,Фрукты и ягоды,Груши эко,47,0.4,0.3,10.3,38
287,Фрукты и ягоды,Груши сушеные,55,0.4,0.4,11.7,38
288,Фрукты и ягоды,Груши сушеные халяль,55,0.4,0.4,11.7,38
289,Фрукты и ягоды,Груши вяленые,43,0.4,0.2,10.5,38
290,Фрукты и ягоды,Груши вяленые домашний(ее),43,0.4,0.2,10.5,38
291,Фрукты и ягоды,Груши пюре,61,0.4,0.4,11.5,38
292,Фрукты и ягоды,Груши пюре премиум,61,0.4,0.4,11.5,38
293,Фрукты и ягоды,Груши замороженные,52,0.4,0.4,9.1,38
294,Фрукты и ягоды,Груши замороженные премиум,52,0.4,0.4,9.1,38
295,Фрукты и ягоды,Персики,45,0.9,0.1,9.5,35
296,Фрукты и ягоды,Персики фермерский(ое),45,0.9,0.1,9.5,35
297,Фрукты и ягоды,Персики сушеные,36,0.8,0.1,10.1,35
298,Фрукты и ягоды,Персики сушеные премиум,36,0.8,0.1,10.1,35
299,Фрукты и ягоды,Персики вяленые,48,0.8,0.1,10.5,35
300,Фрукты и ягоды,Персики вяленые эко,48,0.8,0.1,10.5,35
301,Фрукты и ягоды,Персики пюре,39,0.9,0.1,8.0,35
302,Фрукты и ягоды,Персики пюре ГОСТ,39,0.9,0.1,8.0,35
303,Фрукты и ягоды,Персики замороженные,54,1.0,0.1,7.7,35
304,Фрукты и ягоды,Персики замороженные диетический(ое),54,1.0,0.1,7.7,35
305,Фрукты и ягоды,Абрикосы,44,0.9,0.1,9.0,30
306,Фрукты и ягоды,Абрикосы фермерский(ое),44,0.9,0.1,9.0,30
307,Фрукты и ягоды,Абрикосы сушеные,42,0.9,0.1,8.6,30
308,Фрукты и ягоды,Абрикосы сушеные домашний(ее),42,0.9,0.1,8.6,30
309,Фрукты и ягоды,Абрикосы вяленые,50,0.8,0.1,9.5,30
310,Фрукты и ягоды,Абрикосы вяленые фермерский(ое),50,0.8,0.1,9.5,30
311,Фрукты и ягоды,Абрикосы пюре,37,0.9,0.1,9.4,30
312,Фрукты и ягоды,Абрикосы замороженные,37,1.0,0.1,8.4,30
313,Фрукты и ягоды,Сливы,43,0.8,0.3,9.6,35
314,Фрукты и ягоды,Сливы сушеные,43,0.8,0.3,9.0,35
315,Фрукты и ягоды,Сливы вяленые,52,0.9,0.3,11.4,35
316,Фрукты и ягоды,Сливы пюре,48,0.9,0.4,9.4,35
317,Фрукты и ягоды,Сливы замороженные,50,0.9,0.3,10.8,35
318,Фрукты и ягоды,Сливы замороженные эко,50,0.9,0.3,10.8,35
319,Фрукты и ягоды,Виноград кишмиш,72,0.6,0.2,16.8,45
320,Фрукты и ягоды,Виноград кишмиш премиум,72,0.6,0.2,16.8,45
321,Фрукты и ягоды,Виноград кишмиш сушеные,76,0.6,0.2,18.4,45
322,Фрукты и ягоды,Виноград кишмиш сушеные веган,76,0.6,0.2,18.4,45
323,Фрукты и ягоды,Виноград кишмиш вяленые,67,0.6,0.3,14.0,45
324,Фрукты и ягоды,Виноград кишмиш вяленые фермерский(ое),67,0.6,0.3,14.0,45
325,Фрукты и ягоды,Виноград кишмиш пюре,89,0.6,0.2,17.5,45
326,Фрукты и ягоды,Виноград кишмиш пюре веган,89,0.6,0.2,17.5,45
327,Фрукты и ягоды,Виноград кишмиш замороженные,71,0.5,0.3,14.7,45
328,Фрукты и ягоды,Виноград кишмиш замороженные эко,71,0.5,0.3,14.7,45
329,Фрукты и ягоды,Клубника,41,0.8,0.4,7.5,25
330,Фрукты и ягоды,Клубника диетический(ое),41,0.8,0.4,7.5,25
331,Фрукты и ягоды,Клубника сушеные,37,0.8,0.4,8.6,25
332,Фрукты и ягоды,Клубника сушеные фермерский(ое),37,0.8,0.4,8.6,25
333,Фрукты и ягоды,Клубника вяленые,47,0.8,0.3,8.8,25
334,Фрукты и ягоды,Клубника вяленые эко,47,0.8,0.3,8.8,25
335,Фрукты и ягоды,Клубника пюре,34,0.8,0.5,8.3,25
336,Фрукты и ягоды,Клубника пюре премиум,34,0.8,0.5,8.3,25
337,Фрукты и ягоды,Клубника замороженные,46,0.8,0.5,8.4,25
338,Фрукты и ягоды,Клубника замороженные диетический(ое),46,0.8,0.5,8.4,25
339,Фрукты и ягоды,Малина,46,0.8,0.5,8.3,25
340,Фрукты и ягоды,Малина премиум,46,0.8,0.5,8.3,25
341,Фрукты и ягоды,Малина сушеные,38,0.8,0.6,7.7,25
342,Фрукты и ягоды,Малина сушеные эко,38,0.8,0.6,7.7,25
343,Фрукты и ягоды,Малина вяленые,50,0.8,0.6,8.1,25
344,Фрукты и ягоды,Малина вяленые домашний(ее),50,0.8,0.6,8.1,25
345,Фрукты и ягоды,Малина пюре,53,0.8,0.6,7.5,25
346,Фрукты и ягоды,Малина пюре диетический(ое),53,0.8,0.6,7.5,25
347,Фрукты и ягоды,Малина замороженные,42,0.7,0.5,7.0,25
348,Фрукты и ягоды,Малина замороженные отборный(ое),42,0.7,0.5,7.0,25
349,Фрукты и ягоды,Черника,44,1.1,0.4,7.7,25
350,Фрукты и ягоды,Черника диетический(ое),44,1.1,0.4,7.7,25
351,Фрукты и ягоды,Черника сушеные,46,1.2,0.4,6.8,25
352,Фрукты и ягоды,Черника сушеные премиум,46,1.2,0.4,6.8,25
353,Фрукты и ягоды,Черника вяленые,45,1.1,0.6,7.8,25
354,Фрукты и ягоды,Черника вяленые фермерский(ое),45,1.1,0.6,7.8,25
355,Фрукты и ягоды,Черника пюре,41,1.0,0.4,6.9,25
356,Фрукты и ягоды,Черника пюре фермерский(ое),41,1.0,0.4,6.9,25
357,Фрукты и ягоды,Черника замороженные,39,1.0,0.5,7.0,25
358,Фрукты и ягоды,Черника замороженные фермерский(ое),39,1.0,0.5,7.0,25
359,Фрукты и ягоды,Арбуз,27,0.6,0.1,5.8,75
360,Фрукты и ягоды,Арбуз веган,27,0.6,0.1,5.8,75
361,Фрукты и ягоды,Арбуз сушеные,34,0.6,0.1,4.9,75
362,Фрукты и ягоды,Арбуз сушеные диетический(ое),34,0.6,0.1,4.9,75
363,Фрукты и ягоды,Арбуз вяленые,33,0.6,0.1,6.0,75
364,Фрукты и ягоды,Арбуз вяленые отборный(ое),33,0.6,0.1,6.0,75
365,Фрукты и ягоды,Арбуз пюре,27,0.6,0.1,4.8,75
366,Фрукты и ягоды,Арбуз пюре веган,27,0.6,0.1,4.8,75
367,Фрукты и ягоды,Арбуз замороженные,34,0.6,0.1,5.6,75
368,Фрукты и ягоды,Дыня,35,0.6,0.3,7.4,65
369,Фрукты и ягоды,Дыня сушеные,29,0.6,0.3,6.4,65
370,Фрукты и ягоды,Дыня сушеные премиум,29,0.6,0.3,6.4,65
371,Фрукты и ягоды,Дыня вяленые,37,0.6,0.4,6.3,65
372,Фрукты и ягоды,Дыня вяленые премиум,37,0.6,0.4,6.3,65
373,Фрукты и ягоды,Дыня пюре,41,0.6,0.4,6.6,65
374,Фрукты и ягоды,Дыня пюре халяль,41,0.6,0.4,6.6,65
375,Фрукты и ягоды,Дыня замороженные,37,0.6,0.3,8.5,65
376,Фрукты и ягоды,Дыня замороженные домашний(ее),37,0.6,0.3,8.5,65
377,Фрукты и ягоды,Киви,47,1.0,0.6,10.3,50
378,Фрукты и ягоды,Киви диетический(ое),47,1.0,0.6,10.3,50
379,Фрукты и ягоды,Киви сушеные,60,1.0,0.7,10.8,50
380,Фрукты и ягоды,Киви сушеные отборный(ое),60,1.0,0.7,10.8,50
381,Фрукты и ягоды,Киви вяленые,54,1.1,0.6,9.1,50
382,Фрукты и ягоды,Киви пюре,53,0.9,0.6,8.5,50
383,Фрукты и ягоды,Киви замороженные,37,1.0,0.7,9.4,50
384,Фрукты и ягоды,Киви замороженные диетический(ое),37,1.0,0.7,9.4,50
385,Фрукты и ягоды,Ананас,52,0.3,0.1,11.8,65
386,Фрукты и ягоды,Ананас веган,52,0.3,0.1,11.8,65
387,Фрукты и ягоды,Ананас сушеные,47,0.3,0.1,11.6,65
388,Фрукты и ягоды,Ананас сушеные отборный(ое),47,0.3,0.1,11.6,65
389,Фрукты и ягоды,Ананас вяленые,59,0.3,0.1,12.4,65
390,Фрукты и ягоды,Ананас вяленые диетический(ое),59,0.3,0.1,12.4,65
391,Фрукты и ягоды,Ананас пюре,58,0.3,0.1,12.0,65
392,Фрукты и ягоды,Ананас пюре диетический(ое),58,0.3,0.1,12.0,65
393,Фрукты и ягоды,Ананас замороженные,58,0.3,0.1,9.8,65
394,Фрукты и ягоды,Ананас замороженные ГОСТ,58,0.3,0.1,9.8,65
395,Фрукты и ягоды,Манго,67,0.5,0.3,11.5,55
396,Фрукты и ягоды,Манго сушеные,59,0.5,0.4,11.8,55
397,Фрукты и ягоды,Манго вяленые,63,0.5,0.4,12.4,55
398,Фрукты и ягоды,Манго вяленые диетический(ое),63,0.5,0.4,12.4,55
399,Фрукты и ягоды,Манго пюре,85,0.5,0.3,9.6,55
400,Фрукты и ягоды,Манго пюре веган,85,0.5,0.3,9.6,55
401,Фрукты и ягоды,Манго замороженные,54,0.5,0.3,10.4,55
402,Фрукты и ягоды,Манго замороженные эко,54,0.5,0.3,10.4,55
403,"Крупы, злаки и каши",Гречневая крупа ядрица (сухая),313,12.6,3.3,62.1,55
404,"Крупы, злаки и каши",Гречневая крупа ядрица (сухая) фермерский(ое),313,12.6,3.3,62.1,55
405,"Крупы, злаки и каши",Гречневая крупа ядрица (сухая) быстрого приготовления,264,13.8,4.6,64.0,55
406,"Крупы, злаки и каши",Гречневая крупа ядрица (сухая) быстрого приготовления диетический(ое),264,13.8,4.6,64.0,55
407,"Крупы, злаки и каши",Гречневая крупа ядрица (сухая) с отрубями,399,13.9,4.2,56.4,55
408,"Крупы, злаки и каши",Гречневая крупа ядрица (сухая) с отрубями домашний(ее),399,13.9,4.2,56.4,55
409,"Крупы, злаки и каши",Гречневая крупа ядрица (сухая) органические,256,13.2,3.7,65.9,55
410,"Крупы, злаки и каши",Гречневая крупа ядрица (сухая) органические эко,256,13.2,3.7,65.9,55
411,"Крупы, злаки и каши",Гречневая каша на воде,92,3.2,0.8,17.1,40
412,"Крупы, злаки и каши",Гречневая каша на воде ГОСТ,92,3.2,0.8,17.1,40
413,"Крупы, злаки и каши",Гречневая каша на воде быстрого приготовления,115,3.0,1.0,18.0,40
414,"Крупы, злаки и каши",Гречневая каша на воде с отрубями,96,2.9,0.8,16.0,40
415,"Крупы, злаки и каши",Гречневая каша на воде органические,104,3.4,0.8,18.4,40
416,"Крупы, злаки и каши",Гречневая каша на воде органические диетический(ое),104,3.4,0.8,18.4,40
417,"Крупы, злаки и каши",Рис белый длиннозерный (сухой),344,6.7,0.7,78.9,70
418,"Крупы, злаки и каши",Рис белый длиннозерный (сухой) халяль,344,6.7,0.7,78.9,70
419,"Крупы, злаки и каши",Рис белый длиннозерный (сухой) быстрого приготовления,324,7.3,1.0,80.5,70
420,"Крупы, злаки и каши",Рис белый длиннозерный (сухой) быстрого приготовления ГОСТ,324,7.3,1.0,80.5,70
421,"Крупы, злаки и каши",Рис белый длиннозерный (сухой) с отрубями,353,6.5,0.7,93.7,70
422,"Крупы, злаки и каши",Рис белый длиннозерный (сухой) органические,344,6.7,1.0,83.9,70
423,"Крупы, злаки и каши",Рис белый отварной,116,2.2,0.2,24.9,65
424,"Крупы, злаки и каши",Рис белый отварной веган,116,2.2,0.2,24.9,65
425,"Крупы, злаки и каши",Рис белый отварной быстрого приготовления,124,2.2,0.2,23.5,65
426,"Крупы, злаки и каши",Рис белый отварной быстрого приготовления премиум,124,2.2,0.2,23.5,65
427,"Крупы, злаки и каши",Рис белый отварной с отрубями,136,2.3,0.3,21.9,65
428,"Крупы, злаки и каши",Рис белый отварной с отрубями домашний(ее),136,2.3,0.3,21.9,65
429,"Крупы, злаки и каши",Рис белый отварной органические,124,2.4,0.2,26.9,65
430,"Крупы, злаки и каши",Рис белый отварной органические эко,124,2.4,0.2,26.9,65
431,"Крупы, злаки и каши",Рис бурый нешлифованный (сухой),337,7.4,1.8,72.9,50
432,"Крупы, злаки и каши",Рис бурый нешлифованный (сухой) домашний(ее),337,7.4,1.8,72.9,50
433,"Крупы, злаки и каши",Рис бурый нешлифованный (сухой) быстрого приготовления,290,8.1,2.2,65.3,50
434,"Крупы, злаки и каши",Рис бурый нешлифованный (сухой) быстрого приготовления ГОСТ,290,8.1,2.2,65.3,50
435,"Крупы, злаки и каши",Рис бурый нешлифованный (сухой) с отрубями,296,7.5,2.1,61.0,50
436,"Крупы, злаки и каши",Рис бурый нешлифованный (сухой) с отрубями домашний(ее),296,7.5,2.1,61.0,50
437,"Крупы, злаки и каши",Рис бурый нешлифованный (сухой) органические,436,8.0,2.0,61.7,50
438,"Крупы, злаки и каши",Рис бурый нешлифованный (сухой) органические фермерский(ое),436,8.0,2.0,61.7,50
439,"Крупы, злаки и каши",Рис бурый отварной,110,2.6,0.9,22.8,45
440,"Крупы, злаки и каши",Рис бурый отварной диетический(ое),110,2.6,0.9,22.8,45
441,"Крупы, злаки и каши",Рис бурый отварной быстрого приготовления,133,2.6,1.2,22.9,45
442,"Крупы, злаки и каши",Рис бурый отварной быстрого приготовления веган,133,2.6,1.2,22.9,45
443,"Крупы, злаки и каши",Рис бурый отварной с отрубями,103,2.8,1.3,20.5,45
444,"Крупы, злаки и каши",Рис бурый отварной органические,118,2.5,1.3,22.9,45
445,"Крупы, злаки и каши",Овсяные хлопья Геркулес (сухие),352,12.3,6.2,61.8,55
446,"Крупы, злаки и каши",Овсяные хлопья Геркулес (сухие) эко,352,12.3,6.2,61.8,55
447,"Крупы, злаки и каши",Овсяные хлопья Геркулес (сухие) быстрого приготовления,436,13.2,6.2,69.0,55
448,"Крупы, злаки и каши",Овсяные хлопья Геркулес (сухие) быстрого приготовления фермерский(ое),436,13.2,6.2,69.0,55
449,"Крупы, злаки и каши",Овсяные хлопья Геркулес (сухие) с отрубями,354,13.4,7.2,69.7,55
450,"Крупы, злаки и каши",Овсяные хлопья Геркулес (сухие) с отрубями ГОСТ,354,13.4,7.2,69.7,55
451,"Крупы, злаки и каши",Овсяные хлопья Геркулес (сухие) органические,331,11.8,7.5,74.1,55
452,"Крупы, злаки и каши",Овсяные хлопья Геркулес (сухие) органические фермерский(ое),331,11.8,7.5,74.1,55
453,"Крупы, злаки и каши",Овсяная каша на воде,88,3.0,1.7,15.0,45
454,"Крупы, злаки и каши",Овсяная каша на воде премиум,88,3.0,1.7,15.0,45
455,"Крупы, злаки и каши",Овсяная каша на воде быстрого приготовления,91,2.8,2.0,14.1,45
456,"Крупы, злаки и каши",Овсяная каша на воде быстрого приготовления веган,91,2.8,2.0,14.1,45
457,"Крупы, злаки и каши",Овсяная каша на воде с отрубями,94,3.0,1.9,13.9,45
458,"Крупы, злаки и каши",Овсяная каша на воде с отрубями фермерский(ое),94,3.0,1.9,13.9,45
459,"Крупы, злаки и каши",Овсяная каша на воде органические,78,3.1,2.0,13.4,45
460,"Крупы, злаки и каши",Овсяная каша на воде органические домашний(ее),78,3.1,2.0,13.4,45
461,"Крупы, злаки и каши",Перловая крупа (сухая),320,9.3,1.1,73.7,30
462,"Крупы, злаки и каши",Перловая крупа (сухая) премиум,320,9.3,1.1,73.7,30
463,"Крупы, злаки и каши",Перловая крупа (сухая) быстрого приготовления,380,8.5,1.5,79.8,30
464,"Крупы, злаки и каши",Перловая крупа (сухая) быстрого приготовления эко,380,8.5,1.5,79.8,30
465,"Крупы, злаки и каши",Перловая крупа (сухая) с отрубями,385,9.1,1.4,83.2,30
466,"Крупы, злаки и каши",Перловая крупа (сухая) с отрубями веган,385,9.1,1.4,83.2,30
467,"Крупы, злаки и каши",Перловая крупа (сухая) органические,412,9.3,0.9,73.8,30
468,"Крупы, злаки и каши",Перловая крупа (сухая) органические фермерский(ое),412,9.3,0.9,73.8,30
469,"Крупы, злаки и каши",Перловая каша на воде,109,3.1,0.4,23.0,25
470,"Крупы, злаки и каши",Перловая каша на воде премиум,109,3.1,0.4,23.0,25
471,"Крупы, злаки и каши",Перловая каша на воде быстрого приготовления,119,3.3,0.6,22.5,25
472,"Крупы, злаки и каши",Перловая каша на воде быстрого приготовления фермерский(ое),119,3.3,0.6,22.5,25
473,"Крупы, злаки и каши",Перловая каша на воде с отрубями,115,3.1,0.5,22.2,25
474,"Крупы, злаки и каши",Перловая каша на воде с отрубями премиум,115,3.1,0.5,22.2,25
475,"Крупы, злаки и каши",Перловая каша на воде органические,122,2.9,0.5,27.3,25
476,"Крупы, злаки и каши",Перловая каша на воде органические отборный(ое),122,2.9,0.5,27.3,25
477,"Крупы, злаки и каши",Пшено (сухое),348,11.5,3.3,69.3,70
478,"Крупы, злаки и каши",Пшено (сухое) диетический(ое),348,11.5,3.3,69.3,70
479,"Крупы, злаки и каши",Пшено (сухое) быстрого приготовления,337,11.9,4.1,79.1,70
480,"Крупы, злаки и каши",Пшено (сухое) быстрого приготовления веган,337,11.9,4.1,79.1,70
481,"Крупы, злаки и каши",Пшено (сухое) с отрубями,426,12.3,3.5,64.2,70
482,"Крупы, злаки и каши",Пшено (сухое) с отрубями ГОСТ,426,12.3,3.5,64.2,70
483,"Крупы, злаки и каши",Пшено (сухое) органические,403,12.1,4.7,56.4,70
484,"Крупы, злаки и каши",Пшено (сухое) органические ГОСТ,403,12.1,4.7,56.4,70
485,"Крупы, злаки и каши",Пшенная каша на воде,90,3.0,0.7,17.0,50
486,"Крупы, злаки и каши",Пшенная каша на воде отборный(ое),90,3.0,0.7,17.0,50
487,"Крупы, злаки и каши",Пшенная каша на воде быстрого приготовления,75,3.1,1.0,20.4,50
488,"Крупы, злаки и каши",Пшенная каша на воде быстрого приготовления фермерский(ое),75,3.1,1.0,20.4,50
489,"Крупы, злаки и каши",Пшенная каша на воде с отрубями,105,3.0,0.6,17.9,50
490,"Крупы, злаки и каши",Пшенная каша на воде с отрубями отборный(ое),105,3.0,0.6,17.9,50
491,"Крупы, злаки и каши",Пшенная каша на воде органические,111,3.0,0.9,19.7,50
492,"Крупы, злаки и каши",Пшенная каша на воде органические ГОСТ,111,3.0,0.9,19.7,50
493,"Крупы, злаки и каши",Булгур (сухой),342,12.3,1.3,75.9,45
494,"Крупы, злаки и каши",Булгур (сухой) отборный(ое),342,12.3,1.3,75.9,45
495,"Крупы, злаки и каши",Булгур (сухой) быстрого приготовления,281,13.0,1.3,72.1,45
496,"Крупы, злаки и каши",Булгур (сухой) быстрого приготовления отборный(ое),281,13.0,1.3,72.1,45
497,"Крупы, злаки и каши",Булгур (сухой) с отрубями,298,12.4,1.6,84.8,45
498,"Крупы, злаки и каши",Булгур (сухой) с отрубями ГОСТ,298,12.4,1.6,84.8,45
499,"Крупы, злаки и каши",Булгур (сухой) органические,302,11.3,1.8,79.5,45
500,"Крупы, злаки и каши",Булгур (сухой) органические веган,302,11.3,1.8,79.5,45
501,"Крупы, злаки и каши",Кускус (сухой),376,12.8,0.6,77.4,65
502,"Крупы, злаки и каши",Кускус (сухой) премиум,376,12.8,0.6,77.4,65
503,"Крупы, злаки и каши",Кускус (сухой) быстрого приготовления,346,13.9,0.5,76.2,65
504,"Крупы, злаки и каши",Кускус (сухой) быстрого приготовления веган,346,13.9,0.5,76.2,65
505,"Крупы, злаки и каши",Кускус (сухой) с отрубями,348,12.2,0.5,86.8,65
506,"Крупы, злаки и каши",Кускус (сухой) с отрубями премиум,348,12.2,0.5,86.8,65
507,"Крупы, злаки и каши",Кускус (сухой) органические,470,13.3,0.5,75.6,65
508,"Крупы, злаки и каши",Кускус (сухой) органические фермерский(ое),470,13.3,0.5,75.6,65
509,"Крупы, злаки и каши",Киноа (сухая),368,14.1,6.1,57.2,40
510,"Крупы, злаки и каши",Киноа (сухая) отборный(ое),368,14.1,6.1,57.2,40
511,"Крупы, злаки и каши",Киноа (сухая) быстрого приготовления,357,14.3,7.6,55.5,40
512,"Крупы, злаки и каши",Киноа (сухая) быстрого приготовления отборный(ое),357,14.3,7.6,55.5,40
513,"Крупы, злаки и каши",Киноа (сухая) с отрубями,340,15.1,5.7,54.6,40
514,"Крупы, злаки и каши",Киноа (сухая) с отрубями халяль,340,15.1,5.7,54.6,40
515,"Крупы, злаки и каши",Киноа (сухая) органические,383,13.4,7.3,58.9,40
516,"Крупы, злаки и каши",Киноа (сухая) органические диетический(ое),383,13.4,7.3,58.9,40
517,"Крупы, злаки и каши",Манная крупа (сухая),333,10.3,1.0,70.6,75
518,"Крупы, злаки и каши",Манная крупа (сухая) фермерский(ое),333,10.3,1.0,70.6,75
519,"Крупы, злаки и каши",Манная крупа (сухая) быстрого приготовления,431,9.9,1.5,75.1,75
520,"Крупы, злаки и каши",Манная крупа (сухая) быстрого приготовления домашний(ее),431,9.9,1.5,75.1,75
521,"Крупы, злаки и каши",Манная крупа (сухая) с отрубями,312,10.4,1.3,77.5,75
522,"Крупы, злаки и каши",Манная крупа (сухая) с отрубями домашний(ее),312,10.4,1.3,77.5,75
523,"Крупы, злаки и каши",Манная крупа (сухая) органические,274,10.5,1.1,82.0,75
524,"Крупы, злаки и каши",Манная крупа (сухая) органические премиум,274,10.5,1.1,82.0,75
525,"Крупы, злаки и каши",Макароны из твердых сортов (сухие),344,10.4,1.1,71.5,50
526,"Крупы, злаки и каши",Макароны из твердых сортов (сухие) эко,344,10.4,1.1,71.5,50
527,"Крупы, злаки и каши",Макароны из твердых сортов (сухие) быстрого приготовления,324,11.0,1.3,67.3,50
528,"Крупы, злаки и каши",Макароны из твердых сортов (сухие) быстрого приготовления отборный(ое),324,11.0,1.3,67.3,50
529,"Крупы, злаки и каши",Макароны из твердых сортов (сухие) с отрубями,384,10.7,1.4,77.8,50
530,"Крупы, злаки и каши",Макароны из твердых сортов (сухие) органические,388,11.1,1.4,83.0,50
531,"Крупы, злаки и каши",Макароны отварные аль dente,140,5.0,0.5,28.0,40
532,"Крупы, злаки и каши",Макароны отварные аль dente отборный(ое),140,5.0,0.5,28.0,40
533,"Крупы, злаки и каши",Макароны отварные аль dente быстрого приготовления,157,4.8,0.6,28.9,40
534,"Крупы, злаки и каши",Макароны отварные аль dente быстрого приготовления халяль,157,4.8,0.6,28.9,40
535,"Крупы, злаки и каши",Макароны отварные аль dente с отрубями,163,4.6,0.5,30.8,40
536,"Крупы, злаки и каши",Макароны отварные аль dente с отрубями премиум,163,4.6,0.5,30.8,40
537,"Крупы, злаки и каши",Макароны отварные аль dente органические,124,4.6,0.6,33.3,40
538,"Крупы, злаки и каши",Макароны отварные аль dente органические веган,124,4.6,0.6,33.3,40
539,Мясо и птица,Филе куриной грудки сырое,113,23.6,1.9,0.4,0
540,Мясо и птица,Филе куриной грудки сырое отборный(ое),113,23.6,1.9,0.4,0
541,Мясо и птица,Филе куриной грудки сырое запеченное(ая),120,25.6,2.6,0.4,0
542,Мясо и птица,Филе куриной грудки сырое запеченное(ая) веган,120,25.6,2.6,0.4,0
543,Мясо и птица,Филе куриной грудки сырое на гриле,136,23.5,2.6,0.4,0
544,Мясо и птица,Филе куриной грудки сырое на гриле ГОСТ,136,23.5,2.6,0.4,0
545,Мясо и птица,Филе куриной грудки сырое су-вид,109,21.8,2.8,0.3,0
546,Мясо и птица,Филе куриной грудки сырое су-вид ГОСТ,109,21.8,2.8,0.3,0
547,Мясо и птица,Филе куриной грудки сырое копченое(ая),145,25.3,2.5,0.5,0
548,Мясо и птица,Филе куриной грудки сырое копченое(ая) фермерский(ое),145,25.3,2.5,0.5,0
549,Мясо и птица,Филе куриной грудки отварное,137,29.8,1.8,0.0,0
550,Мясо и птица,Филе куриной грудки отварное отборный(ое),137,29.8,1.8,0.0,0
551,Мясо и птица,Филе куриной грудки отварное запеченное(ая),175,31.6,1.9,0.0,0
552,Мясо и птица,Филе куриной грудки отварное запеченное(ая) фермерский(ое),175,31.6,1.9,0.0,0
553,Мясо и птица,Филе куриной грудки отварное на гриле,110,30.0,2.0,0.0,0
554,Мясо и птица,Филе куриной грудки отварное на гриле отборный(ое),110,30.0,2.0,0.0,0
555,Мясо и птица,Филе куриной грудки отварное су-вид,155,30.3,2.5,0.0,0
556,Мясо и птица,Филе куриной грудки отварное су-вид эко,155,30.3,2.5,0.0,0
557,Мясо и птица,Филе куриной грудки отварное копченое(ая),117,28.2,1.5,0.0,0
558,Мясо и птица,Филе куриной грудки отварное копченое(ая) халяль,117,28.2,1.5,0.0,0
559,Мясо и птица,Куриное бедро без кожи,160,16.8,10.2,0.0,0
560,Мясо и птица,Куриное бедро без кожи диетический(ое),160,16.8,10.2,0.0,0
561,Мясо и птица,Куриное бедро без кожи запеченное(ая),172,18.2,9.7,0.0,0
562,Мясо и птица,Куриное бедро без кожи запеченное(ая) диетический(ое),172,18.2,9.7,0.0,0
563,Мясо и птица,Куриное бедро без кожи на гриле,193,18.2,10.3,0.0,0
564,Мясо и птица,Куриное бедро без кожи на гриле ГОСТ,193,18.2,10.3,0.0,0
565,Мясо и птица,Куриное бедро без кожи су-вид,139,18.3,10.3,0.0,0
566,Мясо и птица,Куриное бедро без кожи су-вид ГОСТ,139,18.3,10.3,0.0,0
567,Мясо и птица,Куриное бедро без кожи копченое(ая),135,18.1,9.1,0.0,0
568,Мясо и птица,Филе индейки сырое,114,24.1,1.7,0.0,0
569,Мясо и птица,Филе индейки сырое запеченное(ая),129,25.3,2.5,0.0,0
570,Мясо и птица,Филе индейки сырое запеченное(ая) фермерский(ое),129,25.3,2.5,0.0,0
571,Мясо и птица,Филе индейки сырое на гриле,133,22.4,1.9,0.0,0
572,Мясо и птица,Филе индейки сырое на гриле ГОСТ,133,22.4,1.9,0.0,0
573,Мясо и птица,Филе индейки сырое су-вид,119,23.7,2.5,0.0,0
574,Мясо и птица,Филе индейки сырое су-вид ГОСТ,119,23.7,2.5,0.0,0
575,Мясо и птица,Филе индейки сырое копченое(ая),112,23.8,2.5,0.0,0
576,Мясо и птица,Говядина вырезка постная сырая,158,22.2,7.1,0.0,0
577,Мясо и птица,Говядина вырезка постная сырая запеченное(ая),134,23.0,8.4,0.0,0
578,Мясо и птица,Говядина вырезка постная сырая запеченное(ая) халяль,134,23.0,8.4,0.0,0
579,Мясо и птица,Говядина вырезка постная сырая на гриле,154,21.7,6.6,0.0,0
580,Мясо и птица,Говядина вырезка постная сырая на гриле домашний(ее),154,21.7,6.6,0.0,0
581,Мясо и птица,Говядина вырезка постная сырая су-вид,193,22.0,9.0,0.0,0
582,Мясо и птица,Говядина вырезка постная сырая су-вид премиум,193,22.0,9.0,0.0,0
583,Мясо и птица,Говядина вырезка постная сырая копченое(ая),173,20.1,9.6,0.0,0
584,Мясо и птица,Говядина вырезка постная сырая копченое(ая) веган,173,20.1,9.6,0.0,0
585,Мясо и птица,Говядина отварная,254,25.8,16.8,0.0,0
586,Мясо и птица,Говядина отварная халяль,254,25.8,16.8,0.0,0
587,Мясо и птица,Говядина отварная запеченное(ая),219,26.1,14.2,0.0,0
588,Мясо и птица,Говядина отварная запеченное(ая) эко,219,26.1,14.2,0.0,0
589,Мясо и птица,Говядина отварная на гриле,229,24.3,23.7,0.0,0
590,Мясо и птица,Говядина отварная су-вид,221,27.9,13.5,0.0,0
591,Мясо и птица,Говядина отварная копченое(ая),221,23.9,16.4,0.0,0
592,Мясо и птица,Говядина отварная копченое(ая) фермерский(ое),221,23.9,16.4,0.0,0
593,Мясо и птица,Свинина вырезка постная сырая,143,20.0,7.1,0.0,0
594,Мясо и птица,Свинина вырезка постная сырая эко,143,20.0,7.1,0.0,0
595,Мясо и птица,Свинина вырезка постная сырая запеченное(ая),161,18.1,5.8,0.0,0
596,Мясо и птица,Свинина вырезка постная сырая запеченное(ая) домашний(ее),161,18.1,5.8,0.0,0
597,Мясо и птица,Свинина вырезка постная сырая на гриле,131,19.3,6.5,0.0,0
598,Мясо и птица,Свинина вырезка постная сырая на гриле веган,131,19.3,6.5,0.0,0
599,Мясо и птица,Свинина вырезка постная сырая су-вид,167,20.1,9.4,0.0,0
600,Мясо и птица,Свинина вырезка постная сырая су-вид веган,167,20.1,9.4,0.0,0
601,Мясо и птица,Свинина вырезка постная сырая копченое(ая),170,20.1,6.2,0.0,0
602,Мясо и птица,Свинина вырезка постная сырая копченое(ая) ГОСТ,170,20.1,6.2,0.0,0
603,Мясо и птица,Свиной отбивной стейк,245,23.0,17.0,0.0,0
604,Мясо и птица,Свиной отбивной стейк отборный(ое),245,23.0,17.0,0.0,0
605,Мясо и птица,Свиной отбивной стейк запеченное(ая),311,20.9,22.9,0.0,0
606,Мясо и птица,Свиной отбивной стейк запеченное(ая) премиум,311,20.9,22.9,0.0,0
607,Мясо и птица,Свиной отбивной стейк на гриле,259,22.8,25.1,0.0,0
608,Мясо и птица,Свиной отбивной стейк на гриле отборный(ое),259,22.8,25.1,0.0,0
609,Мясо и птица,Свиной отбивной стейк су-вид,254,22.5,21.8,0.0,0
610,Мясо и птица,Свиной отбивной стейк копченое(ая),307,21.0,14.6,0.0,0
611,Мясо и птица,Фарш говяжий легкий,215,18.5,15.4,0.0,0
612,Мясо и птица,Фарш говяжий легкий халяль,215,18.5,15.4,0.0,0
613,Мясо и птица,Фарш говяжий легкий запеченное(ая),179,17.7,19.1,0.0,0
614,Мясо и птица,Фарш говяжий легкий запеченное(ая) диетический(ое),179,17.7,19.1,0.0,0
615,Мясо и птица,Фарш говяжий легкий на гриле,206,20.3,18.0,0.0,0
616,Мясо и птица,Фарш говяжий легкий на гриле ГОСТ,206,20.3,18.0,0.0,0
617,Мясо и птица,Фарш говяжий легкий су-вид,237,17.0,19.9,0.0,0
618,Мясо и птица,Фарш говяжий легкий су-вид фермерский(ое),237,17.0,19.9,0.0,0
619,Мясо и птица,Фарш говяжий легкий копченое(ая),241,19.5,20.1,0.0,0
620,Мясо и птица,Фарш домашний (свинина/говядина),290,15.4,25.2,0.0,0
621,Мясо и птица,Фарш домашний (свинина/говядина) запеченное(ая),297,14.6,26.1,0.0,0
622,Мясо и птица,Фарш домашний (свинина/говядина) запеченное(ая) эко,297,14.6,26.1,0.0,0
623,Мясо и птица,Фарш домашний (свинина/говядина) на гриле,292,14.2,27.7,0.0,0
624,Мясо и птица,Фарш домашний (свинина/говядина) на гриле домашний(ее),292,14.2,27.7,0.0,0
625,Мясо и птица,Фарш домашний (свинина/говядина) су-вид,286,14.3,36.4,0.0,0
626,Мясо и птица,Фарш домашний (свинина/говядина) су-вид эко,286,14.3,36.4,0.0,0
627,Мясо и птица,Фарш домашний (свинина/говядина) копченое(ая),352,14.1,21.9,0.0,0
628,Мясо и птица,Баранина постная сырая,200,17.2,14.5,0.0,0
629,Мясо и птица,Баранина постная сырая запеченное(ая),241,17.4,17.6,0.0,0
630,Мясо и птица,Баранина постная сырая запеченное(ая) домашний(ее),241,17.4,17.6,0.0,0
631,Мясо и птица,Баранина постная сырая на гриле,192,15.9,15.2,0.0,0
632,Мясо и птица,Баранина постная сырая на гриле веган,192,15.9,15.2,0.0,0
633,Мясо и птица,Баранина постная сырая су-вид,235,18.5,18.9,0.0,0
634,Мясо и птица,Баранина постная сырая су-вид эко,235,18.5,18.9,0.0,0
635,Мясо и птица,Баранина постная сырая копченое(ая),220,16.7,17.5,0.0,0
636,Мясо и птица,Баранина постная сырая копченое(ая) отборный(ое),220,16.7,17.5,0.0,0
637,Мясо и птица,Кролик мясо сырое,156,21.0,8.0,0.0,0
638,Мясо и птица,Кролик мясо сырое запеченное(ая),176,19.8,7.0,0.0,0
639,Мясо и птица,Кролик мясо сырое на гриле,153,22.1,9.6,0.0,0
640,Мясо и птица,Кролик мясо сырое су-вид,190,23.0,11.0,0.0,0
641,Мясо и птица,Кролик мясо сырое копченое(ая),174,19.0,11.6,0.0,0
642,Мясо и птица,Кролик мясо сырое копченое(ая) отборный(ое),174,19.0,11.6,0.0,0
643,Рыба и морепродукты,Лосось (семга) филе сырое,208,20.0,13.0,0.0,0
644,Рыба и морепродукты,Лосось (семга) филе сырое диетический(ое),208,20.0,13.0,0.0,0
645,Рыба и морепродукты,Лосось (семга) филе сырое запеченный(ая),194,18.7,16.8,0.0,0
646,Рыба и морепродукты,Лосось (семга) филе сырое запеченный(ая) диетический(ое),194,18.7,16.8,0.0,0
647,Рыба и морепродукты,Лосось (семга) филе сырое горячего копчения,201,18.0,18.3,0.0,0
648,Рыба и морепродукты,Лосось (семга) филе сырое горячего копчения халяль,201,18.0,18.3,0.0,0
649,Рыба и морепродукты,Лосось (семга) филе сырое холодного копчения,208,18.6,16.2,0.0,0
650,Рыба и морепродукты,Лосось (семга) филе сырое холодного копчения премиум,208,18.6,16.2,0.0,0
651,Рыба и морепродукты,Лосось (семга) филе сырое слабосоленый(ая),243,18.9,14.2,0.0,0
652,Рыба и морепродукты,Лосось запеченный,230,22.5,14.2,0.0,0
653,Рыба и морепродукты,Лосось запеченный запеченный(ая),226,23.5,19.1,0.0,0
654,Рыба и морепродукты,Лосось запеченный горячего копчения,193,20.5,12.9,0.0,0
655,Рыба и морепродукты,Лосось запеченный холодного копчения,261,21.5,17.9,0.0,0
656,Рыба и морепродукты,Лосось запеченный слабосоленый(ая),234,21.5,18.9,0.0,0
657,Рыба и морепродукты,Треска филе,82,17.8,0.7,0.0,0
658,Рыба и морепродукты,Треска филе запеченный(ая),83,17.0,0.9,0.0,0
659,Рыба и морепродукты,Треска филе горячего копчения,92,16.2,0.8,0.0,0
660,Рыба и морепродукты,Треска филе холодного копчения,65,17.1,0.7,0.0,0
661,Рыба и морепродукты,Треска филе слабосоленый(ая),76,17.2,0.6,0.0,0
662,Рыба и морепродукты,Горбуша сырая,142,20.5,6.5,0.0,0
663,Рыба и морепродукты,Горбуша сырая запеченный(ая),126,20.0,8.4,0.0,0
664,Рыба и морепродукты,Горбуша сырая горячего копчения,172,21.8,5.5,0.0,0
665,Рыба и морепродукты,Горбуша сырая холодного копчения,116,18.5,9.4,0.0,0
666,Рыба и морепродукты,Горбуша сырая слабосоленый(ая),154,20.8,8.4,0.0,0
667,Рыба и морепродукты,Судак филе,84,18.4,1.1,0.0,0
668,Рыба и морепродукты,Судак филе запеченный(ая),72,16.6,1.1,0.0,0
669,Рыба и морепродукты,Судак филе горячего копчения,93,19.6,1.6,0.0,0
670,Рыба и морепродукты,Судак филе холодного копчения,102,17.5,1.3,0.0,0
671,Рыба и морепродукты,Судак филе слабосоленый(ая),83,17.7,1.1,0.0,0
672,Рыба и морепродукты,Тунец консервированный в собственном соку,101,23.0,1.0,0.0,0
673,Рыба и морепродукты,Тунец консервированный в собственном соку запеченный(ая),89,23.0,0.9,0.0,0
674,Рыба и морепродукты,Тунец консервированный в собственном соку горячего копчения,126,22.3,1.3,0.0,0
675,Рыба и морепродукты,Тунец консервированный в собственном соку холодного копчения,121,21.8,0.9,0.0,0
676,Рыба и морепродукты,Тунец консервированный в собственном соку слабосоленый(ая),111,24.2,1.3,0.0,0
677,Рыба и морепродукты,Сельдь слабосоленая,160,17.0,10.0,0.0,0
678,Рыба и морепродукты,Сельдь слабосоленая запеченный(ая),189,17.0,13.3,0.0,0
679,Рыба и морепродукты,Сельдь слабосоленая горячего копчения,163,18.4,12.0,0.0,0
680,Рыба и морепродукты,Сельдь слабосоленая холодного копчения,177,18.2,12.4,0.0,0
681,Рыба и морепродукты,Сельдь слабосоленая слабосоленый(ая),133,16.8,10.1,0.0,0
682,Рыба и морепродукты,Креветки отварные,95,22.0,1.0,0.2,0
683,Рыба и морепродукты,Креветки отварные запеченный(ая),78,22.0,1.0,0.2,0
684,Рыба и морепродукты,Креветки отварные горячего копчения,78,23.5,0.9,0.2,0
685,Рыба и морепродукты,Креветки отварные холодного копчения,116,22.5,1.2,0.2,0
686,Рыба и морепродукты,Креветки отварные слабосоленый(ая),102,23.3,1.4,0.2,0
687,Рыба и морепродукты,Кальмары очищенные сырые,92,18.0,2.2,2.0,5
688,Рыба и морепродукты,Кальмары очищенные сырые запеченный(ая),110,18.5,2.3,2.0,6
689,Рыба и морепродукты,Кальмары очищенные сырые горячего копчения,80,16.4,1.9,2.3,5
690,Рыба и морепродукты,Кальмары очищенные сырые холодного копчения,89,18.8,2.5,1.7,5
691,Рыба и морепродукты,Кальмары очищенные сырые слабосоленый(ая),84,17.8,2.4,2.0,5
692,Рыба и морепродукты,Мидии отварные,77,11.5,2.0,3.3,0
693,Рыба и морепродукты,Мидии отварные запеченный(ая),67,11.2,2.0,3.2,0
694,Рыба и морепродукты,Мидии отварные горячего копчения,74,11.7,2.7,3.5,0
695,Рыба и морепродукты,Мидии отварные холодного копчения,64,10.6,2.5,3.0,0
696,Рыба и морепродукты,Мидии отварные слабосоленый(ая),89,11.9,2.9,3.8,0
697,Молочные продукты и яйца,Молоко 1.5%,44,3.0,1.5,4.7,30
698,Молочные продукты и яйца,Молоко 1.5% термостатный(ое),42,3.0,1.3,4.4,30
699,Молочные продукты и яйца,Молоко 1.5% пастеризованный(ое),56,3.1,1.6,4.9,30
700,Молочные продукты и яйца,Молоко 1.5% безлактозный(ое),55,2.9,1.6,5.2,30
701,Молочные продукты и яйца,Молоко 2.5%,52,2.9,2.5,4.7,30
702,Молочные продукты и яйца,Молоко 2.5% термостатный(ое),62,3.0,3.5,5.1,30
703,Молочные продукты и яйца,Молоко 2.5% пастеризованный(ое),59,2.9,3.1,4.6,30
704,Молочные продукты и яйца,Молоко 2.5% безлактозный(ое),51,2.8,2.3,4.2,30
705,Молочные продукты и яйца,Молоко 3.2%,59,2.9,3.2,4.7,30
706,Молочные продукты и яйца,Молоко 3.2% термостатный(ое),75,2.9,3.1,4.0,30
707,Молочные продукты и яйца,Молоко 3.2% пастеризованный(ое),49,3.1,2.8,5.2,30
708,Молочные продукты и яйца,Молоко 3.2% безлактозный(ое),71,3.1,2.6,4.4,30
709,Молочные продукты и яйца,Кефир 1%,40,3.0,1.0,4.0,25
710,Молочные продукты и яйца,Кефир 1% термостатный(ое),47,2.8,1.1,3.5,25
711,Молочные продукты и яйца,Кефир 1% пастеризованный(ое),48,3.2,1.4,3.5,25
712,Молочные продукты и яйца,Кефир 1% безлактозный(ое),40,2.9,1.3,3.6,25
713,Молочные продукты и яйца,Кефир 3.2%,56,2.8,3.2,4.1,25
714,Молочные продукты и яйца,Кефир 3.2% термостатный(ое),57,2.7,4.2,4.0,25
715,Молочные продукты и яйца,Кефир 3.2% пастеризованный(ое),59,2.7,4.4,4.0,25
716,Молочные продукты и яйца,Кефир 3.2% безлактозный(ое),68,2.7,4.7,4.9,25
717,Молочные продукты и яйца,Творог 0% обезжиренный,71,16.5,0.2,1.3,30
718,Молочные продукты и яйца,Творог 0% обезжиренный термостатный(ое),73,15.8,0.2,1.3,30
719,Молочные продукты и яйца,Творог 0% обезжиренный пастеризованный(ое),91,17.5,0.3,1.1,30
720,Молочные продукты и яйца,Творог 0% обезжиренный безлактозный(ое),65,17.0,0.3,1.3,30
721,Молочные продукты и яйца,Творог 5%,121,17.2,5.0,1.8,30
722,Молочные продукты и яйца,Творог 5% термостатный(ое),103,18.4,7.0,1.6,30
723,Молочные продукты и яйца,Творог 5% пастеризованный(ое),142,16.4,7.2,1.5,30
724,Молочные продукты и яйца,Творог 5% безлактозный(ое),123,18.7,4.8,1.8,30
725,Молочные продукты и яйца,Творог 9%,159,16.7,9.0,2.0,30
726,Молочные продукты и яйца,Творог 9% термостатный(ое),154,15.1,7.5,2.0,30
727,Молочные продукты и яйца,Творог 9% пастеризованный(ое),145,18.4,9.6,1.6,30
728,Молочные продукты и яйца,Творог 9% безлактозный(ое),201,17.8,11.3,2.2,30
729,Молочные продукты и яйца,Сметана 10%,115,3.0,10.0,2.9,25
730,Молочные продукты и яйца,Сметана 10% термостатный(ое),99,2.9,13.8,3.1,25
731,Молочные продукты и яйца,Сметана 10% пастеризованный(ое),99,3.1,11.1,2.3,25
732,Молочные продукты и яйца,Сметана 10% безлактозный(ое),96,2.9,13.8,3.0,25
733,Молочные продукты и яйца,Сметана 15%,160,2.6,15.0,3.0,25
734,Молочные продукты и яйца,Сметана 15% термостатный(ое),186,2.6,13.2,2.7,25
735,Молочные продукты и яйца,Сметана 15% пастеризованный(ое),152,2.4,16.4,3.4,25
736,Молочные продукты и яйца,Сметана 15% безлактозный(ое),164,2.4,21.5,3.1,25
737,Молочные продукты и яйца,Сметана 20%,204,2.5,20.0,3.2,25
738,Молочные продукты и яйца,Сметана 20% термостатный(ое),164,2.5,19.4,2.7,25
739,Молочные продукты и яйца,Сметана 20% пастеризованный(ое),206,2.6,19.4,3.1,25
740,Молочные продукты и яйца,Сметана 20% безлактозный(ое),230,2.3,29.6,2.6,25
741,Молочные продукты и яйца,Йогурт натуральный 2%,60,3.8,2.0,4.8,35
742,Молочные продукты и яйца,Йогурт натуральный 2% термостатный(ое),63,3.8,3.0,4.9,35
743,Молочные продукты и яйца,Йогурт натуральный 2% пастеризованный(ое),59,3.8,2.5,5.7,35
744,Молочные продукты и яйца,Йогурт натуральный 2% безлактозный(ое),55,3.4,2.7,4.5,35
745,Молочные продукты и яйца,Сыр Сливочный 50%,350,23.0,29.0,0.0,0
746,Молочные продукты и яйца,Сыр Сливочный 50% термостатный(ое),408,23.6,38.9,0.0,0
747,Молочные продукты и яйца,Сыр Сливочный 50% пастеризованный(ое),338,20.9,34.3,0.0,0
748,Молочные продукты и яйца,Сыр Сливочный 50% безлактозный(ое),310,24.3,32.6,0.0,0
749,Молочные продукты и яйца,Сыр Пармезан,392,33.0,28.0,0.0,0
750,Молочные продукты и яйца,Сыр Пармезан термостатный(ое),437,35.1,23.6,0.0,0
751,Молочные продукты и яйца,Сыр Пармезан пастеризованный(ое),403,31.6,23.3,0.0,0
752,Молочные продукты и яйца,Сыр Пармезан безлактозный(ое),321,35.9,32.5,0.0,0
753,Молочные продукты и яйца,Сыр Моцарелла,240,18.0,18.0,1.5,0
754,Молочные продукты и яйца,Сыр Моцарелла термостатный(ое),257,17.1,23.9,1.3,0
755,Молочные продукты и яйца,Сыр Моцарелла пастеризованный(ое),234,19.0,25.3,1.4,0
756,Молочные продукты и яйца,Сыр Моцарелла безлактозный(ое),206,17.5,25.6,1.6,0
757,Молочные продукты и яйца,Сыр Фета,264,14.2,21.3,4.1,0
758,Молочные продукты и яйца,Сыр Фета термостатный(ое),329,13.9,31.6,4.1,0
759,Молочные продукты и яйца,Сыр Фета пастеризованный(ое),276,15.4,24.8,4.6,0
760,Молочные продукты и яйца,Сыр Фета безлактозный(ое),307,13.0,26.0,4.6,0
761,Молочные продукты и яйца,Сливочное масло 82.5%,748,0.5,82.5,0.8,0
762,Молочные продукты и яйца,Сливочное масло 82.5% термостатный(ое),802,0.5,70.6,0.9,0
763,Молочные продукты и яйца,Сливочное масло 82.5% пастеризованный(ое),713,0.5,90.6,0.9,0
764,Молочные продукты и яйца,Сливочное масло 82.5% безлактозный(ое),729,0.5,116.2,0.8,0
765,Молочные продукты и яйца,Яйцо куриное целое (1 шт ~50г),74,6.3,5.3,0.4,0
766,Молочные продукты и яйца,Яйцо куриное целое (1 шт ~50г) термостатный(ое),96,6.0,7.9,0.5,0
767,Молочные продукты и яйца,Яйцо куриное целое (1 шт ~50г) пастеризованный(ое),61,6.5,5.6,0.4,0
768,Молочные продукты и яйца,Яйцо куриное целое (1 шт ~50г) безлактозный(ое),84,6.9,4.8,0.4,0
769,Молочные продукты и яйца,Яичный белок отварной,44,11.1,0.2,1.0,0
770,Молочные продукты и яйца,Яичный белок отварной термостатный(ое),52,10.1,0.2,1.1,0
771,Молочные продукты и яйца,Яичный белок отварной пастеризованный(ое),43,10.8,0.2,1.0,0
772,Молочные продукты и яйца,Яичный белок отварной безлактозный(ое),50,12.1,0.2,1.1,0
773,Молочные продукты и яйца,Яичный желток сырой,352,16.2,31.2,1.0,0
774,Молочные продукты и яйца,Яичный желток сырой термостатный(ое),382,16.3,33.7,1.1,0
775,Молочные продукты и яйца,Яичный желток сырой пастеризованный(ое),325,14.9,41.0,1.0,0
776,Молочные продукты и яйца,Яичный желток сырой безлактозный(ое),349,16.4,30.7,0.9,0
777,Орехи и сухофрукты,Миндаль,579,21.1,50.0,21.5,15
778,Орехи и сухофрукты,Миндаль премиум,575,21.1,50.0,21.5,15
779,Орехи и сухофрукты,Миндаль органический,607,21.1,50.0,21.5,15
780,Орехи и сухофрукты,Миндаль эко,566,21.1,50.0,21.5,15
781,Орехи и сухофрукты,Грецкий орех,654,15.2,65.2,13.7,15
782,Орехи и сухофрукты,Грецкий орех премиум,681,15.2,65.2,13.7,15
783,Орехи и сухофрукты,Грецкий орех органический,653,15.2,65.2,13.7,15
784,Орехи и сухофрукты,Грецкий орех эко,629,15.2,65.2,13.7,15
785,Орехи и сухофрукты,Фундук,628,15.0,60.8,16.7,15
786,Орехи и сухофрукты,Фундук премиум,650,15.0,60.8,16.7,15
787,Орехи и сухофрукты,Фундук органический,624,15.0,60.8,16.7,15
788,Орехи и сухофрукты,Фундук эко,653,15.0,60.8,16.7,15
789,Орехи и сухофрукты,Кешью,553,18.2,43.8,30.2,25
790,Орехи и сухофрукты,Кешью премиум,549,18.2,43.8,30.2,25
791,Орехи и сухофрукты,Кешью органический,530,18.2,43.8,30.2,25
792,Орехи и сухофрукты,Кешью эко,563,18.2,43.8,30.2,25
793,Орехи и сухофрукты,Курага,241,3.4,0.5,62.6,35
794,Орехи и сухофрукты,Курага премиум,249,3.4,0.5,62.6,35
795,Орехи и сухофрукты,Курага органический,236,3.4,0.5,62.6,35
796,Орехи и сухофрукты,Курага эко,237,3.4,0.5,62.6,35
797,Орехи и сухофрукты,Изюм,299,3.1,0.5,79.2,65
798,Орехи и сухофрукты,Изюм премиум,285,3.1,0.5,79.2,65
799,Орехи и сухофрукты,Изюм органический,300,3.1,0.5,79.2,65
800,Орехи и сухофрукты,Изюм эко,310,3.1,0.5,79.2,65
801,Орехи и сухофрукты,Финики сушеные,277,1.8,0.2,75.0,70
802,Орехи и сухофрукты,Финики сушеные премиум,286,1.8,0.2,75.0,70
803,Орехи и сухофрукты,Финики сушеные органический,282,1.8,0.2,75.0,70
804,Орехи и сухофрукты,Финики сушеные эко,288,1.8,0.2,75.0,70
805,Хлебобулочные изделия,Хлеб ржаной Дарницкий,210,6.5,1.2,42.0,50
806,Хлебобулочные изделия,Хлеб ржаной Дарницкий премиум,212,6.5,1.2,42.0,50
807,Хлебобулочные изделия,Хлеб ржаной Дарницкий органический,216,6.5,1.2,42.0,50
808,Хлебобулочные изделия,Хлеб ржаной Дарницкий эко,210,6.5,1.2,42.0,50
809,Хлебобулочные изделия,Хлеб пшеничный батон,260,7.5,2.9,50.0,70
810,Хлебобулочные изделия,Хлеб пшеничный батон премиум,250,7.5,2.9,50.0,70
811,Хлебобулочные изделия,Хлеб пшеничный батон органический,252,7.5,2.9,50.0,70
812,Хлебобулочные изделия,Хлеб пшеничный батон эко,250,7.5,2.9,50.0,70
813,Хлебобулочные изделия,Хлеб цельнозерновой,240,9.0,3.5,41.0,45
814,Хлебобулочные изделия,Хлеб цельнозерновой премиум,246,9.0,3.5,41.0,45
815,Хлебобулочные изделия,Хлеб цельнозерновой органический,228,9.0,3.5,41.0,45
816,Хлебобулочные изделия,Хлеб цельнозерновой эко,241,9.0,3.5,41.0,45
817,Хлебобулочные изделия,Хлебцы докторские,300,11.0,2.0,58.0,45
818,Хлебобулочные изделия,Хлебцы докторские премиум,296,11.0,2.0,58.0,45
819,Хлебобулочные изделия,Хлебцы докторские органический,309,11.0,2.0,58.0,45
820,Хлебобулочные изделия,Хлебцы докторские эко,301,11.0,2.0,58.0,45
821,Сладости и выпечка,Шоколад горький 75%,550,6.2,35.4,48.0,25
822,Сладости и выпечка,Шоколад горький 75% премиум,556,6.2,35.4,48.0,25
823,Сладости и выпечка,Шоколад горький 75% органический,527,6.2,35.4,48.0,25
824,Сладости и выпечка,Шоколад горький 75% эко,539,6.2,35.4,48.0,25
825,Сладости и выпечка,Шоколад молочный,535,7.6,29.7,59.4,70
826,Сладости и выпечка,Шоколад молочный премиум,561,7.6,29.7,59.4,70
827,Сладости и выпечка,Шоколад молочный органический,546,7.6,29.7,59.4,70
828,Сладости и выпечка,Шоколад молочный эко,536,7.6,29.7,59.4,70
829,Сладости и выпечка,Мед натуральный,304,0.3,0.0,82.4,60
830,Сладости и выпечка,Мед натуральный премиум,312,0.3,0.0,82.4,60
831,Сладости и выпечка,Мед натуральный органический,313,0.3,0.0,82.4,60
832,Сладости и выпечка,Мед натуральный эко,291,0.3,0.0,82.4,60
833,Сладости и выпечка,Сахар белый песок,387,0.0,0.0,100.0,100
834,Сладости и выпечка,Сахар белый песок премиум,405,0.0,0.0,100.0,100
835,Сладости и выпечка,Сахар белый песок органический,392,0.0,0.0,100.0,100
836,Сладости и выпечка,Сахар белый песок эко,385,0.0,0.0,100.0,100
837,Бобовые,Чечевица красная (сухая),314,24.0,1.5,48.0,25
838,Бобовые,Чечевица красная (сухая) премиум,319,24.0,1.5,48.0,25
839,Бобовые,Чечевица красная (сухая) органический,309,24.0,1.5,48.0,25
840,Бобовые,Чечевица красная (сухая) эко,325,24.0,1.5,48.0,25
841,Бобовые,Нут (сухой),364,19.0,6.0,61.0,30
842,Бобовые,Нут (сухой) премиум,374,19.0,6.0,61.0,30
843,Бобовые,Нут (сухой) органический,369,19.0,6.0,61.0,30
844,Бобовые,Нут (сухой) эко,352,19.0,6.0,61.0,30
845,Бобовые,Фасоль белая консервированная,90,6.0,0.5,15.0,40
846,Бобовые,Фасоль белая консервированная премиум,94,6.0,0.5,15.0,40
847,Бобовые,Фасоль белая консервированная органический,89,6.0,0.5,15.0,40
848,Бобовые,Фасоль белая консервированная эко,93,6.0,0.5,15.0,40
